id,name,description,category,imageUrl
1,Truda,tcahan0@xinhuanet.com,Female,China
2,Janey,jschoffel1@wisc.edu,Female,Japan
3,Quincy,qhansana2@oracle.com,Male,Portugal
4,Margarette,mgreenrod3@chicagotribune.com,Female,Peru
5,Erminie,efortnum4@ustream.tv,Female,Guyana
6,Cyndie,csiaspinski5@discuz.net,Female,China
7,Drusilla,detheredge6@nationalgeographic.com,Female,Colombia
8,Myrah,mdavidofski7@about.com,Female,China
9,Rosemarie,riannelli8@icq.com,Female,Venezuela
10,Griff,gbouldstridge9@eventbrite.com,Male,Mauritania
11,Peta,pfriedlosa@mail.ru,Female,Portugal
12,Gerianna,gbarberab@ning.com,Female,Japan
13,Selby,spalfremanc@youku.com,Male,Philippines
14,Alvinia,apillifantd@deviantart.com,Female,Russia
15,Kinna,ksimionee@ning.com,Female,Venezuela
16,Desmund,dcaldecotf@blogger.com,Male,El Salvador
17,Mic,mcloonang@wisc.edu,Male,Yemen
18,Lawton,landerschh@opensource.org,Male,Russia
19,Jobyna,jvani@vimeo.com,Female,China
20,Filide,fswaylandj@over-blog.com,Female,China
