id,name,description,price,category,imageUrl
1,Truda,tcahan0@xinhuanet.com,1,Female,China
2,Janey,jschoffel1@wisc.edu,2,Female,Japan
3,Quincy,qhansana2@oracle.com,3,Male,Portugal
4,Margarette,mgreenrod3@chicagotribune.com,4,Female,Peru
5,Erminie,efortnum4@ustream.tv,5,Female,Guyana
6,Cyndie,csiaspinski5@discuz.net,6,Female,China
7,Drusilla,detheredge6@nationalgeographic.com,7,Female,Colombia
8,Myrah,mdavidofski7@about.com,8,Female,China
9,Rosemarie,riannelli8@icq.com,9,Female,Venezuela
10,Griff,gbouldstridge9@eventbrite.com,10,Male,Mauritania
11,Peta,pfriedlosa@mail.ru,11,Female,Portugal
12,Gerianna,gbarberab@ning.com,12,Female,Japan
13,Selby,spalfremanc@youku.com,13,Male,Philippines
14,Alvinia,apillifantd@deviantart.com,14,Female,Russia
15,Kinna,ksimionee@ning.com,15,Female,Venezuela
16,Desmund,dcaldecotf@blogger.com,16,Male,El Salvador
17,Mic,mcloonang@wisc.edu,17,Male,Yemen
18,Lawton,landerschh@opensource.org,18,Male,Russia
19,Jobyna,jvani@vimeo.com,19,Female,China
20,Filide,fswaylandj@over-blog.com,20,Female,China
